"date","store","item","year","month","demand"
2013-01-01,1,1,2013,1,13
2013-01-02,1,1,2013,1,11
2013-01-03,1,1,2013,1,14
2013-01-04,1,1,2013,1,13
2013-01-05,1,1,2013,1,10
2013-01-06,1,1,2013,1,12
2013-01-07,1,1,2013,1,10
2013-01-08,1,1,2013,1,9
2013-01-09,1,1,2013,1,12
2013-01-10,1,1,2013,1,9
2013-01-11,1,1,2013,1,9
2013-01-12,1,1,2013,1,7
2013-01-13,1,1,2013,1,10
2013-01-14,1,1,2013,1,12
2013-01-15,1,1,2013,1,5
2013-01-16,1,1,2013,1,7
2013-01-17,1,1,2013,1,16
2013-01-18,1,1,2013,1,7
2013-01-19,1,1,2013,1,18
2013-01-20,1,1,2013,1,15
2013-01-21,1,1,2013,1,8
2013-01-22,1,1,2013,1,7
2013-01-23,1,1,2013,1,9
2013-01-24,1,1,2013,1,8
2013-01-25,1,1,2013,1,14
2013-01-26,1,1,2013,1,12
2013-01-27,1,1,2013,1,12
2013-01-28,1,1,2013,1,11
2013-01-29,1,1,2013,1,6
2013-01-30,1,1,2013,1,9
2013-01-31,1,1,2013,1,13
2013-02-01,1,1,2013,2,11
2013-02-02,1,1,2013,2,21
2013-02-03,1,1,2013,2,15
2013-02-04,1,1,2013,2,14
2013-02-05,1,1,2013,2,9
2013-02-06,1,1,2013,2,10
2013-02-07,1,1,2013,2,13
2013-02-08,1,1,2013,2,11
2013-02-09,1,1,2013,2,14
2013-02-10,1,1,2013,2,11
2013-02-11,1,1,2013,2,16
2013-02-12,1,1,2013,2,11
2013-02-13,1,1,2013,2,14
2013-02-14,1,1,2013,2,10
2013-02-15,1,1,2013,2,11
2013-02-16,1,1,2013,2,7
2013-02-17,1,1,2013,2,11
2013-02-18,1,1,2013,2,10
2013-02-19,1,1,2013,2,10
2013-02-20,1,1,2013,2,7
2013-02-21,1,1,2013,2,13
2013-02-22,1,1,2013,2,12
2013-02-23,1,1,2013,2,15
2013-02-24,1,1,2013,2,11
2013-02-25,1,1,2013,2,7
2013-02-26,1,1,2013,2,9
2013-02-27,1,1,2013,2,9
2013-02-28,1,1,2013,2,10
2013-03-01,1,1,2013,3,15
2013-03-02,1,1,2013,3,13
2013-03-03,1,1,2013,3,20
2013-03-04,1,1,2013,3,14
2013-03-05,1,1,2013,3,13
2013-03-06,1,1,2013,3,17
2013-03-07,1,1,2013,3,11
2013-03-08,1,1,2013,3,15
2013-03-09,1,1,2013,3,16
2013-03-10,1,1,2013,3,11
2013-03-11,1,1,2013,3,18
2013-03-12,1,1,2013,3,14
2013-03-13,1,1,2013,3,13
2013-03-14,1,1,2013,3,10
2013-03-15,1,1,2013,3,14
2013-03-16,1,1,2013,3,10
2013-03-17,1,1,2013,3,22
2013-03-18,1,1,2013,3,11
2013-03-19,1,1,2013,3,19
2013-03-20,1,1,2013,3,14
2013-03-21,1,1,2013,3,17
2013-03-22,1,1,2013,3,21
2013-03-23,1,1,2013,3,21
2013-03-24,1,1,2013,3,19
2013-03-25,1,1,2013,3,13
2013-03-26,1,1,2013,3,16
2013-03-27,1,1,2013,3,11
2013-03-28,1,1,2013,3,13
2013-03-29,1,1,2013,3,17
2013-03-30,1,1,2013,3,19
2013-03-31,1,1,2013,3,20
2013-04-01,1,1,2013,4,11
2013-04-02,1,1,2013,4,19
2013-04-03,1,1,2013,4,24
2013-04-04,1,1,2013,4,18
2013-04-05,1,1,2013,4,19
2013-04-06,1,1,2013,4,23
2013-04-07,1,1,2013,4,17
2013-04-08,1,1,2013,4,19
2013-04-09,1,1,2013,4,13
2013-04-10,1,1,2013,4,19
2013-04-11,1,1,2013,4,16
2013-04-12,1,1,2013,4,18
2013-04-13,1,1,2013,4,17
2013-04-14,1,1,2013,4,26
2013-04-15,1,1,2013,4,14
2013-04-16,1,1,2013,4,9
2013-04-17,1,1,2013,4,17
2013-04-18,1,1,2013,4,21
2013-04-19,1,1,2013,4,22
2013-04-20,1,1,2013,4,22
2013-04-21,1,1,2013,4,20
2013-04-22,1,1,2013,4,13
2013-04-23,1,1,2013,4,11
2013-04-24,1,1,2013,4,13
2013-04-25,1,1,2013,4,14
2013-04-26,1,1,2013,4,20
2013-04-27,1,1,2013,4,22
2013-04-28,1,1,2013,4,19
2013-04-29,1,1,2013,4,11
2013-04-30,1,1,2013,4,15
2013-05-01,1,1,2013,5,16
2013-05-02,1,1,2013,5,23
2013-05-03,1,1,2013,5,22
2013-05-04,1,1,2013,5,20
2013-05-05,1,1,2013,5,14
2013-05-06,1,1,2013,5,14
2013-05-07,1,1,2013,5,15
2013-05-08,1,1,2013,5,14
2013-05-09,1,1,2013,5,11
2013-05-10,1,1,2013,5,16
2013-05-11,1,1,2013,5,19
2013-05-12,1,1,2013,5,13
2013-05-13,1,1,2013,5,9
2013-05-14,1,1,2013,5,13
2013-05-15,1,1,2013,5,16
2013-05-16,1,1,2013,5,15
2013-05-17,1,1,2013,5,16
2013-05-18,1,1,2013,5,20
2013-05-19,1,1,2013,5,19
2013-05-20,1,1,2013,5,14
2013-05-21,1,1,2013,5,24
2013-05-22,1,1,2013,5,23
2013-05-23,1,1,2013,5,14
2013-05-24,1,1,2013,5,24
2013-05-25,1,1,2013,5,25
2013-05-26,1,1,2013,5,27
2013-05-27,1,1,2013,5,7
2013-05-28,1,1,2013,5,12
2013-05-29,1,1,2013,5,10
2013-05-30,1,1,2013,5,19
2013-05-31,1,1,2013,5,27
2013-06-01,1,1,2013,6,26
2013-06-02,1,1,2013,6,22
2013-06-03,1,1,2013,6,12
2013-06-04,1,1,2013,6,15
2013-06-05,1,1,2013,6,24
2013-06-06,1,1,2013,6,9
2013-06-07,1,1,2013,6,21
2013-06-08,1,1,2013,6,20
2013-06-09,1,1,2013,6,38
2013-06-10,1,1,2013,6,20
2013-06-11,1,1,2013,6,18
2013-06-12,1,1,2013,6,22
2013-06-13,1,1,2013,6,21
2013-06-14,1,1,2013,6,22
2013-06-15,1,1,2013,6,26
2013-06-16,1,1,2013,6,23
2013-06-17,1,1,2013,6,13
2013-06-18,1,1,2013,6,21
2013-06-19,1,1,2013,6,18
2013-06-20,1,1,2013,6,24
2013-06-21,1,1,2013,6,19
2013-06-22,1,1,2013,6,23
2013-06-23,1,1,2013,6,24
2013-06-24,1,1,2013,6,17
2013-06-25,1,1,2013,6,21
2013-06-26,1,1,2013,6,21
2013-06-27,1,1,2013,6,26
2013-06-28,1,1,2013,6,17
2013-06-29,1,1,2013,6,20
2013-06-30,1,1,2013,6,24
2013-07-01,1,1,2013,7,23
2013-07-02,1,1,2013,7,17
2013-07-03,1,1,2013,7,12
2013-07-04,1,1,2013,7,24
2013-07-05,1,1,2013,7,17
2013-07-06,1,1,2013,7,16
2013-07-07,1,1,2013,7,34
2013-07-08,1,1,2013,7,20
2013-07-09,1,1,2013,7,23
2013-07-10,1,1,2013,7,14
2013-07-11,1,1,2013,7,25
2013-07-12,1,1,2013,7,29
2013-07-13,1,1,2013,7,22
2013-07-14,1,1,2013,7,29
2013-07-15,1,1,2013,7,18
2013-07-16,1,1,2013,7,12
2013-07-17,1,1,2013,7,16
2013-07-18,1,1,2013,7,21
2013-07-19,1,1,2013,7,25
2013-07-20,1,1,2013,7,25
2013-07-21,1,1,2013,7,26
2013-07-22,1,1,2013,7,18
2013-07-23,1,1,2013,7,17
2013-07-24,1,1,2013,7,21
2013-07-25,1,1,2013,7,21
2013-07-26,1,1,2013,7,31
2013-07-27,1,1,2013,7,19
2013-07-28,1,1,2013,7,25
2013-07-29,1,1,2013,7,8
2013-07-30,1,1,2013,7,26
2013-07-31,1,1,2013,7,27
2013-08-01,1,1,2013,8,21
2013-08-02,1,1,2013,8,19
2013-08-03,1,1,2013,8,24
2013-08-04,1,1,2013,8,26
2013-08-05,1,1,2013,8,17
2013-08-06,1,1,2013,8,10
2013-08-07,1,1,2013,8,25
2013-08-08,1,1,2013,8,20
2013-08-09,1,1,2013,8,19
2013-08-10,1,1,2013,8,22
2013-08-11,1,1,2013,8,25
2013-08-12,1,1,2013,8,10
2013-08-13,1,1,2013,8,11
2013-08-14,1,1,2013,8,19
2013-08-15,1,1,2013,8,22
2013-08-16,1,1,2013,8,15
2013-08-17,1,1,2013,8,29
2013-08-18,1,1,2013,8,27
2013-08-19,1,1,2013,8,11
2013-08-20,1,1,2013,8,15
2013-08-21,1,1,2013,8,20
2013-08-22,1,1,2013,8,20
2013-08-23,1,1,2013,8,19
2013-08-24,1,1,2013,8,19
2013-08-25,1,1,2013,8,23
2013-08-26,1,1,2013,8,11
2013-08-27,1,1,2013,8,16
2013-08-28,1,1,2013,8,20
2013-08-29,1,1,2013,8,14
2013-08-30,1,1,2013,8,20
2013-08-31,1,1,2013,8,25
2013-09-01,1,1,2013,9,25
2013-09-02,1,1,2013,9,10
2013-09-03,1,1,2013,9,16
2013-09-04,1,1,2013,9,10
2013-09-05,1,1,2013,9,16
2013-09-06,1,1,2013,9,20
2013-09-07,1,1,2013,9,20
2013-09-08,1,1,2013,9,19
2013-09-09,1,1,2013,9,15
2013-09-10,1,1,2013,9,17
2013-09-11,1,1,2013,9,26
2013-09-12,1,1,2013,9,14
2013-09-13,1,1,2013,9,16
2013-09-14,1,1,2013,9,27
2013-09-15,1,1,2013,9,14
2013-09-16,1,1,2013,9,16
2013-09-17,1,1,2013,9,20
2013-09-18,1,1,2013,9,18
2013-09-19,1,1,2013,9,16
2013-09-20,1,1,2013,9,11
2013-09-21,1,1,2013,9,13
2013-09-22,1,1,2013,9,16
2013-09-23,1,1,2013,9,18
2013-09-24,1,1,2013,9,14
2013-09-25,1,1,2013,9,17
2013-09-26,1,1,2013,9,20
2013-09-27,1,1,2013,9,22
2013-09-28,1,1,2013,9,13
2013-09-29,1,1,2013,9,20
2013-09-30,1,1,2013,9,20
2013-10-01,1,1,2013,10,12
2013-10-02,1,1,2013,10,11
2013-10-03,1,1,2013,10,14
2013-10-04,1,1,2013,10,14
2013-10-05,1,1,2013,10,14
2013-10-06,1,1,2013,10,20
2013-10-07,1,1,2013,10,13
2013-10-08,1,1,2013,10,13
2013-10-09,1,1,2013,10,14
2013-10-10,1,1,2013,10,20
2013-10-11,1,1,2013,10,17
2013-10-12,1,1,2013,10,17
2013-10-13,1,1,2013,10,20
2013-10-14,1,1,2013,10,15
2013-10-15,1,1,2013,10,15
2013-10-16,1,1,2013,10,15
2013-10-17,1,1,2013,10,10
2013-10-18,1,1,2013,10,10
2013-10-19,1,1,2013,10,18
2013-10-20,1,1,2013,10,25
2013-10-21,1,1,2013,10,13
2013-10-22,1,1,2013,10,11
2013-10-23,1,1,2013,10,16
2013-10-24,1,1,2013,10,17
2013-10-25,1,1,2013,10,18
2013-10-26,1,1,2013,10,19
2013-10-27,1,1,2013,10,14
2013-10-28,1,1,2013,10,11
2013-10-29,1,1,2013,10,17
2013-10-30,1,1,2013,10,20
2013-10-31,1,1,2013,10,21
2013-11-01,1,1,2013,11,20
2013-11-02,1,1,2013,11,24
2013-11-03,1,1,2013,11,19
2013-11-04,1,1,2013,11,12
2013-11-05,1,1,2013,11,20
2013-11-06,1,1,2013,11,16
2013-11-07,1,1,2013,11,17
2013-11-08,1,1,2013,11,22
2013-11-09,1,1,2013,11,18
2013-11-10,1,1,2013,11,23
2013-11-11,1,1,2013,11,16
2013-11-12,1,1,2013,11,20
2013-11-13,1,1,2013,11,20
2013-11-14,1,1,2013,11,9
2013-11-15,1,1,2013,11,18
2013-11-16,1,1,2013,11,13
2013-11-17,1,1,2013,11,17
2013-11-18,1,1,2013,11,17
2013-11-19,1,1,2013,11,18
2013-11-20,1,1,2013,11,17
2013-11-21,1,1,2013,11,16
2013-11-22,1,1,2013,11,17
2013-11-23,1,1,2013,11,31
2013-11-24,1,1,2013,11,20
2013-11-25,1,1,2013,11,16
2013-11-26,1,1,2013,11,25
2013-11-27,1,1,2013,11,25
2013-11-28,1,1,2013,11,17
2013-11-29,1,1,2013,11,19
2013-11-30,1,1,2013,11,30
2013-12-01,1,1,2013,12,16
2013-12-02,1,1,2013,12,8
2013-12-03,1,1,2013,12,21
2013-12-04,1,1,2013,12,6
2013-12-05,1,1,2013,12,13
2013-12-06,1,1,2013,12,15
2013-12-07,1,1,2013,12,17
2013-12-08,1,1,2013,12,17
2013-12-09,1,1,2013,12,8
2013-12-10,1,1,2013,12,14
2013-12-11,1,1,2013,12,7
2013-12-12,1,1,2013,12,5
2013-12-13,1,1,2013,12,13
2013-12-14,1,1,2013,12,16
2013-12-15,1,1,2013,12,15
2013-12-16,1,1,2013,12,15
2013-12-17,1,1,2013,12,8
2013-12-18,1,1,2013,12,18
2013-12-19,1,1,2013,12,7
2013-12-20,1,1,2013,12,13
2013-12-21,1,1,2013,12,11
2013-12-22,1,1,2013,12,9
2013-12-23,1,1,2013,12,8
2013-12-24,1,1,2013,12,17
2013-12-25,1,1,2013,12,6
2013-12-26,1,1,2013,12,16
2013-12-27,1,1,2013,12,18
2013-12-28,1,1,2013,12,17
2013-12-29,1,1,2013,12,14
2013-12-30,1,1,2013,12,5
2013-12-31,1,1,2013,12,15
2014-01-01,1,1,2014,1,9
2014-01-02,1,1,2014,1,14
2014-01-03,1,1,2014,1,11
2014-01-04,1,1,2014,1,20
2014-01-05,1,1,2014,1,17
2014-01-06,1,1,2014,1,14
2014-01-07,1,1,2014,1,11
2014-01-08,1,1,2014,1,12
2014-01-09,1,1,2014,1,17
2014-01-10,1,1,2014,1,12
2014-01-11,1,1,2014,1,17
2014-01-12,1,1,2014,1,12
2014-01-13,1,1,2014,1,12
2014-01-14,1,1,2014,1,17
2014-01-15,1,1,2014,1,17
2014-01-16,1,1,2014,1,15
2014-01-17,1,1,2014,1,18
2014-01-18,1,1,2014,1,15
2014-01-19,1,1,2014,1,12
2014-01-20,1,1,2014,1,6
2014-01-21,1,1,2014,1,7
2014-01-22,1,1,2014,1,21
2014-01-23,1,1,2014,1,18
2014-01-24,1,1,2014,1,18
2014-01-25,1,1,2014,1,21
2014-01-26,1,1,2014,1,16
2014-01-27,1,1,2014,1,8
2014-01-28,1,1,2014,1,6
2014-01-29,1,1,2014,1,13
2014-01-30,1,1,2014,1,11
2014-01-31,1,1,2014,1,18
2014-02-01,1,1,2014,2,13
2014-02-02,1,1,2014,2,16
2014-02-03,1,1,2014,2,10
2014-02-04,1,1,2014,2,9
2014-02-05,1,1,2014,2,21
2014-02-06,1,1,2014,2,17
2014-02-07,1,1,2014,2,15
2014-02-08,1,1,2014,2,15
2014-02-09,1,1,2014,2,18
2014-02-10,1,1,2014,2,10
2014-02-11,1,1,2014,2,10
2014-02-12,1,1,2014,2,9
2014-02-13,1,1,2014,2,22
2014-02-14,1,1,2014,2,20
2014-02-15,1,1,2014,2,20
2014-02-16,1,1,2014,2,13
2014-02-17,1,1,2014,2,11
2014-02-18,1,1,2014,2,11
2014-02-19,1,1,2014,2,16
2014-02-20,1,1,2014,2,19
2014-02-21,1,1,2014,2,16
2014-02-22,1,1,2014,2,17
2014-02-23,1,1,2014,2,13
2014-02-24,1,1,2014,2,7
2014-02-25,1,1,2014,2,14
2014-02-26,1,1,2014,2,17
2014-02-27,1,1,2014,2,10
2014-02-28,1,1,2014,2,16
2014-03-01,1,1,2014,3,20
2014-03-02,1,1,2014,3,15
2014-03-03,1,1,2014,3,12
2014-03-04,1,1,2014,3,11
2014-03-05,1,1,2014,3,18
2014-03-06,1,1,2014,3,19
2014-03-07,1,1,2014,3,21
2014-03-08,1,1,2014,3,14
2014-03-09,1,1,2014,3,21
2014-03-10,1,1,2014,3,13
2014-03-11,1,1,2014,3,14
2014-03-12,1,1,2014,3,24
2014-03-13,1,1,2014,3,17
2014-03-14,1,1,2014,3,16
2014-03-15,1,1,2014,3,22
2014-03-16,1,1,2014,3,31
2014-03-17,1,1,2014,3,19
2014-03-18,1,1,2014,3,17
2014-03-19,1,1,2014,3,24
2014-03-20,1,1,2014,3,21
2014-03-21,1,1,2014,3,18
2014-03-22,1,1,2014,3,20
2014-03-23,1,1,2014,3,25
2014-03-24,1,1,2014,3,4
2014-03-25,1,1,2014,3,15
2014-03-26,1,1,2014,3,17
2014-03-27,1,1,2014,3,17
2014-03-28,1,1,2014,3,16
2014-03-29,1,1,2014,3,18
2014-03-30,1,1,2014,3,15
2014-03-31,1,1,2014,3,15
2014-04-01,1,1,2014,4,19
2014-04-02,1,1,2014,4,11
2014-04-03,1,1,2014,4,16
2014-04-04,1,1,2014,4,17
2014-04-05,1,1,2014,4,21
2014-04-06,1,1,2014,4,26
2014-04-07,1,1,2014,4,19
2014-04-08,1,1,2014,4,19
2014-04-09,1,1,2014,4,20
2014-04-10,1,1,2014,4,18
2014-04-11,1,1,2014,4,23
2014-04-12,1,1,2014,4,19
2014-04-13,1,1,2014,4,22
2014-04-14,1,1,2014,4,20
2014-04-15,1,1,2014,4,22
2014-04-16,1,1,2014,4,20
2014-04-17,1,1,2014,4,18
2014-04-18,1,1,2014,4,20
2014-04-19,1,1,2014,4,22
2014-04-20,1,1,2014,4,22
2014-04-21,1,1,2014,4,17
2014-04-22,1,1,2014,4,12
2014-04-23,1,1,2014,4,16
2014-04-24,1,1,2014,4,25
2014-04-25,1,1,2014,4,22
2014-04-26,1,1,2014,4,21
2014-04-27,1,1,2014,4,20
2014-04-28,1,1,2014,4,15
2014-04-29,1,1,2014,4,18
2014-04-30,1,1,2014,4,13
2014-05-01,1,1,2014,5,22
2014-05-02,1,1,2014,5,19
2014-05-03,1,1,2014,5,22
2014-05-04,1,1,2014,5,23
2014-05-05,1,1,2014,5,21
2014-05-06,1,1,2014,5,19
2014-05-07,1,1,2014,5,21
2014-05-08,1,1,2014,5,15
2014-05-09,1,1,2014,5,18
2014-05-10,1,1,2014,5,16
2014-05-11,1,1,2014,5,27
2014-05-12,1,1,2014,5,16
2014-05-13,1,1,2014,5,22
2014-05-14,1,1,2014,5,21
2014-05-15,1,1,2014,5,22
2014-05-16,1,1,2014,5,23
2014-05-17,1,1,2014,5,18
2014-05-18,1,1,2014,5,36
2014-05-19,1,1,2014,5,12
2014-05-20,1,1,2014,5,23
2014-05-21,1,1,2014,5,16
2014-05-22,1,1,2014,5,25
2014-05-23,1,1,2014,5,28
2014-05-24,1,1,2014,5,25
2014-05-25,1,1,2014,5,20
2014-05-26,1,1,2014,5,15
2014-05-27,1,1,2014,5,13
2014-05-28,1,1,2014,5,13
2014-05-29,1,1,2014,5,20
2014-05-30,1,1,2014,5,29
2014-05-31,1,1,2014,5,31
2014-06-01,1,1,2014,6,24
2014-06-02,1,1,2014,6,16
2014-06-03,1,1,2014,6,23
2014-06-04,1,1,2014,6,20
2014-06-05,1,1,2014,6,24
2014-06-06,1,1,2014,6,23
2014-06-07,1,1,2014,6,27
2014-06-08,1,1,2014,6,29
2014-06-09,1,1,2014,6,18
2014-06-10,1,1,2014,6,14
2014-06-11,1,1,2014,6,22
2014-06-12,1,1,2014,6,22
2014-06-13,1,1,2014,6,25
2014-06-14,1,1,2014,6,29
2014-06-15,1,1,2014,6,33
2014-06-16,1,1,2014,6,25
2014-06-17,1,1,2014,6,32
2014-06-18,1,1,2014,6,20
2014-06-19,1,1,2014,6,22
2014-06-20,1,1,2014,6,19
2014-06-21,1,1,2014,6,26
2014-06-22,1,1,2014,6,37
2014-06-23,1,1,2014,6,19
2014-06-24,1,1,2014,6,24
2014-06-25,1,1,2014,6,21
2014-06-26,1,1,2014,6,18
2014-06-27,1,1,2014,6,29
2014-06-28,1,1,2014,6,34
2014-06-29,1,1,2014,6,19
2014-06-30,1,1,2014,6,16
2014-07-01,1,1,2014,7,16
2014-07-02,1,1,2014,7,24
2014-07-03,1,1,2014,7,25
2014-07-04,1,1,2014,7,28
2014-07-05,1,1,2014,7,25
2014-07-06,1,1,2014,7,34
2014-07-07,1,1,2014,7,16
2014-07-08,1,1,2014,7,25
2014-07-09,1,1,2014,7,27
2014-07-10,1,1,2014,7,23
2014-07-11,1,1,2014,7,25
2014-07-12,1,1,2014,7,22
2014-07-13,1,1,2014,7,24
2014-07-14,1,1,2014,7,21
2014-07-15,1,1,2014,7,24
2014-07-16,1,1,2014,7,17
2014-07-17,1,1,2014,7,26
2014-07-18,1,1,2014,7,25
2014-07-19,1,1,2014,7,31
2014-07-20,1,1,2014,7,26
2014-07-21,1,1,2014,7,21
2014-07-22,1,1,2014,7,30
2014-07-23,1,1,2014,7,19
2014-07-24,1,1,2014,7,26
2014-07-25,1,1,2014,7,24
2014-07-26,1,1,2014,7,29
2014-07-27,1,1,2014,7,35
2014-07-28,1,1,2014,7,11
2014-07-29,1,1,2014,7,19
2014-07-30,1,1,2014,7,25
2014-07-31,1,1,2014,7,23
2014-08-01,1,1,2014,8,12
2014-08-02,1,1,2014,8,23
2014-08-03,1,1,2014,8,27
2014-08-04,1,1,2014,8,20
2014-08-05,1,1,2014,8,19
2014-08-06,1,1,2014,8,25
2014-08-07,1,1,2014,8,21
2014-08-08,1,1,2014,8,27
2014-08-09,1,1,2014,8,27
2014-08-10,1,1,2014,8,22
2014-08-11,1,1,2014,8,22
2014-08-12,1,1,2014,8,20
2014-08-13,1,1,2014,8,11
2014-08-14,1,1,2014,8,17
2014-08-15,1,1,2014,8,21
2014-08-16,1,1,2014,8,20
2014-08-17,1,1,2014,8,31
2014-08-18,1,1,2014,8,25
2014-08-19,1,1,2014,8,15
2014-08-20,1,1,2014,8,21
2014-08-21,1,1,2014,8,20
2014-08-22,1,1,2014,8,21
2014-08-23,1,1,2014,8,26
2014-08-24,1,1,2014,8,26
2014-08-25,1,1,2014,8,12
2014-08-26,1,1,2014,8,25
2014-08-27,1,1,2014,8,21
2014-08-28,1,1,2014,8,19
2014-08-29,1,1,2014,8,17
2014-08-30,1,1,2014,8,30
2014-08-31,1,1,2014,8,28
2014-09-01,1,1,2014,9,16
2014-09-02,1,1,2014,9,15
2014-09-03,1,1,2014,9,22
2014-09-04,1,1,2014,9,26
2014-09-05,1,1,2014,9,27
2014-09-06,1,1,2014,9,21
2014-09-07,1,1,2014,9,25
2014-09-08,1,1,2014,9,12
2014-09-09,1,1,2014,9,22
2014-09-10,1,1,2014,9,16
2014-09-11,1,1,2014,9,15
2014-09-12,1,1,2014,9,25
2014-09-13,1,1,2014,9,17
2014-09-14,1,1,2014,9,26
2014-09-15,1,1,2014,9,12
2014-09-16,1,1,2014,9,15
2014-09-17,1,1,2014,9,17
2014-09-18,1,1,2014,9,18
2014-09-19,1,1,2014,9,21
2014-09-20,1,1,2014,9,21
2014-09-21,1,1,2014,9,20
2014-09-22,1,1,2014,9,15
2014-09-23,1,1,2014,9,20
2014-09-24,1,1,2014,9,14
2014-09-25,1,1,2014,9,17
2014-09-26,1,1,2014,9,23
2014-09-27,1,1,2014,9,13
2014-09-28,1,1,2014,9,22
2014-09-29,1,1,2014,9,18
2014-09-30,1,1,2014,9,15
2014-10-01,1,1,2014,10,12
2014-10-02,1,1,2014,10,15
2014-10-03,1,1,2014,10,24
2014-10-04,1,1,2014,10,27
2014-10-05,1,1,2014,10,33
2014-10-06,1,1,2014,10,9
2014-10-07,1,1,2014,10,10
2014-10-08,1,1,2014,10,25
2014-10-09,1,1,2014,10,18
2014-10-10,1,1,2014,10,19
2014-10-11,1,1,2014,10,28
2014-10-12,1,1,2014,10,29
2014-10-13,1,1,2014,10,6
2014-10-14,1,1,2014,10,20
2014-10-15,1,1,2014,10,21
2014-10-16,1,1,2014,10,17
2014-10-17,1,1,2014,10,18
2014-10-18,1,1,2014,10,22
2014-10-19,1,1,2014,10,13
2014-10-20,1,1,2014,10,8
2014-10-21,1,1,2014,10,19
2014-10-22,1,1,2014,10,14
2014-10-23,1,1,2014,10,18
2014-10-24,1,1,2014,10,17
2014-10-25,1,1,2014,10,21
2014-10-26,1,1,2014,10,22
2014-10-27,1,1,2014,10,15
2014-10-28,1,1,2014,10,12
2014-10-29,1,1,2014,10,11
2014-10-30,1,1,2014,10,12
2014-10-31,1,1,2014,10,20
2014-11-01,1,1,2014,11,17
2014-11-02,1,1,2014,11,33
2014-11-03,1,1,2014,11,16
2014-11-04,1,1,2014,11,16
2014-11-05,1,1,2014,11,15
2014-11-06,1,1,2014,11,22
2014-11-07,1,1,2014,11,22
2014-11-08,1,1,2014,11,12
2014-11-09,1,1,2014,11,28
2014-11-10,1,1,2014,11,16
2014-11-11,1,1,2014,11,12
2014-11-12,1,1,2014,11,18
2014-11-13,1,1,2014,11,18
2014-11-14,1,1,2014,11,25
2014-11-15,1,1,2014,11,24
2014-11-16,1,1,2014,11,18
2014-11-17,1,1,2014,11,17
2014-11-18,1,1,2014,11,18
2014-11-19,1,1,2014,11,19
2014-11-20,1,1,2014,11,17
2014-11-21,1,1,2014,11,28
2014-11-22,1,1,2014,11,20
2014-11-23,1,1,2014,11,29
2014-11-24,1,1,2014,11,18
2014-11-25,1,1,2014,11,19
2014-11-26,1,1,2014,11,23
2014-11-27,1,1,2014,11,23
2014-11-28,1,1,2014,11,24
2014-11-29,1,1,2014,11,28
2014-11-30,1,1,2014,11,24
2014-12-01,1,1,2014,12,10
2014-12-02,1,1,2014,12,17
2014-12-03,1,1,2014,12,9
2014-12-04,1,1,2014,12,10
2014-12-05,1,1,2014,12,14
2014-12-06,1,1,2014,12,16
2014-12-07,1,1,2014,12,11
2014-12-08,1,1,2014,12,13
2014-12-09,1,1,2014,12,13
2014-12-10,1,1,2014,12,14
2014-12-11,1,1,2014,12,12
2014-12-12,1,1,2014,12,10
2014-12-13,1,1,2014,12,16
2014-12-14,1,1,2014,12,13
2014-12-15,1,1,2014,12,14
2014-12-16,1,1,2014,12,11
2014-12-17,1,1,2014,12,15
2014-12-18,1,1,2014,12,10
2014-12-19,1,1,2014,12,11
2014-12-20,1,1,2014,12,19
2014-12-21,1,1,2014,12,18
2014-12-22,1,1,2014,12,8
2014-12-23,1,1,2014,12,13
2014-12-24,1,1,2014,12,16
2014-12-25,1,1,2014,12,20
2014-12-26,1,1,2014,12,12
2014-12-27,1,1,2014,12,15
2014-12-28,1,1,2014,12,17
2014-12-29,1,1,2014,12,9
2014-12-30,1,1,2014,12,11
2014-12-31,1,1,2014,12,12
2015-01-01,1,1,2015,1,11
2015-01-02,1,1,2015,1,19
2015-01-03,1,1,2015,1,16
2015-01-04,1,1,2015,1,14
2015-01-05,1,1,2015,1,14
2015-01-06,1,1,2015,1,9
2015-01-07,1,1,2015,1,13
2015-01-08,1,1,2015,1,18
2015-01-09,1,1,2015,1,18
2015-01-10,1,1,2015,1,17
2015-01-11,1,1,2015,1,19
2015-01-12,1,1,2015,1,9
2015-01-13,1,1,2015,1,9
2015-01-14,1,1,2015,1,15
2015-01-15,1,1,2015,1,10
2015-01-16,1,1,2015,1,15
2015-01-17,1,1,2015,1,16
2015-01-18,1,1,2015,1,15
2015-01-19,1,1,2015,1,12
2015-01-20,1,1,2015,1,12
2015-01-21,1,1,2015,1,10
2015-01-22,1,1,2015,1,8
2015-01-23,1,1,2015,1,14
2015-01-24,1,1,2015,1,20
2015-01-25,1,1,2015,1,19
2015-01-26,1,1,2015,1,12
2015-01-27,1,1,2015,1,13
2015-01-28,1,1,2015,1,13
2015-01-29,1,1,2015,1,7
2015-01-30,1,1,2015,1,12
2015-01-31,1,1,2015,1,19
2015-02-01,1,1,2015,2,17
2015-02-02,1,1,2015,2,6
2015-02-03,1,1,2015,2,10
2015-02-04,1,1,2015,2,8
2015-02-05,1,1,2015,2,18
2015-02-06,1,1,2015,2,13
2015-02-07,1,1,2015,2,13
2015-02-08,1,1,2015,2,18
2015-02-09,1,1,2015,2,12
2015-02-10,1,1,2015,2,15
2015-02-11,1,1,2015,2,19
2015-02-12,1,1,2015,2,15
2015-02-13,1,1,2015,2,13
2015-02-14,1,1,2015,2,11
2015-02-15,1,1,2015,2,18
2015-02-16,1,1,2015,2,14
2015-02-17,1,1,2015,2,16
2015-02-18,1,1,2015,2,16
2015-02-19,1,1,2015,2,11
2015-02-20,1,1,2015,2,10
2015-02-21,1,1,2015,2,19
2015-02-22,1,1,2015,2,24
2015-02-23,1,1,2015,2,9
2015-02-24,1,1,2015,2,8
2015-02-25,1,1,2015,2,13
2015-02-26,1,1,2015,2,18
2015-02-27,1,1,2015,2,17
2015-02-28,1,1,2015,2,18
2015-03-01,1,1,2015,3,18
2015-03-02,1,1,2015,3,17
2015-03-03,1,1,2015,3,14
2015-03-04,1,1,2015,3,19
2015-03-05,1,1,2015,3,10
2015-03-06,1,1,2015,3,17
2015-03-07,1,1,2015,3,16
2015-03-08,1,1,2015,3,13
2015-03-09,1,1,2015,3,13
2015-03-10,1,1,2015,3,23
2015-03-11,1,1,2015,3,21
2015-03-12,1,1,2015,3,24
2015-03-13,1,1,2015,3,25
2015-03-14,1,1,2015,3,15
2015-03-15,1,1,2015,3,20
2015-03-16,1,1,2015,3,13
2015-03-17,1,1,2015,3,15
2015-03-18,1,1,2015,3,16
2015-03-19,1,1,2015,3,17
2015-03-20,1,1,2015,3,31
2015-03-21,1,1,2015,3,25
2015-03-22,1,1,2015,3,23
2015-03-23,1,1,2015,3,16
2015-03-24,1,1,2015,3,18
2015-03-25,1,1,2015,3,13
2015-03-26,1,1,2015,3,10
2015-03-27,1,1,2015,3,16
2015-03-28,1,1,2015,3,12
2015-03-29,1,1,2015,3,25
2015-03-30,1,1,2015,3,19
2015-03-31,1,1,2015,3,18
2015-04-01,1,1,2015,4,24
2015-04-02,1,1,2015,4,20
2015-04-03,1,1,2015,4,27
2015-04-04,1,1,2015,4,26
2015-04-05,1,1,2015,4,20
2015-04-06,1,1,2015,4,20
2015-04-07,1,1,2015,4,19
2015-04-08,1,1,2015,4,17
2015-04-09,1,1,2015,4,20
2015-04-10,1,1,2015,4,24
2015-04-11,1,1,2015,4,17
2015-04-12,1,1,2015,4,21
2015-04-13,1,1,2015,4,14
2015-04-14,1,1,2015,4,26
2015-04-15,1,1,2015,4,26
2015-04-16,1,1,2015,4,20
2015-04-17,1,1,2015,4,22
2015-04-18,1,1,2015,4,23
2015-04-19,1,1,2015,4,24
2015-04-20,1,1,2015,4,17
2015-04-21,1,1,2015,4,25
2015-04-22,1,1,2015,4,19
2015-04-23,1,1,2015,4,17
2015-04-24,1,1,2015,4,11
2015-04-25,1,1,2015,4,29
2015-04-26,1,1,2015,4,30
2015-04-27,1,1,2015,4,22
2015-04-28,1,1,2015,4,27
2015-04-29,1,1,2015,4,18
2015-04-30,1,1,2015,4,27
2015-05-01,1,1,2015,5,20
2015-05-02,1,1,2015,5,22
2015-05-03,1,1,2015,5,33
2015-05-04,1,1,2015,5,14
2015-05-05,1,1,2015,5,25
2015-05-06,1,1,2015,5,13
2015-05-07,1,1,2015,5,23
2015-05-08,1,1,2015,5,22
2015-05-09,1,1,2015,5,29
2015-05-10,1,1,2015,5,29
2015-05-11,1,1,2015,5,24
2015-05-12,1,1,2015,5,21
2015-05-13,1,1,2015,5,14
2015-05-14,1,1,2015,5,17
2015-05-15,1,1,2015,5,27
2015-05-16,1,1,2015,5,31
2015-05-17,1,1,2015,5,27
2015-05-18,1,1,2015,5,11
2015-05-19,1,1,2015,5,28
2015-05-20,1,1,2015,5,17
2015-05-21,1,1,2015,5,27
2015-05-22,1,1,2015,5,22
2015-05-23,1,1,2015,5,24
2015-05-24,1,1,2015,5,27
2015-05-25,1,1,2015,5,19
2015-05-26,1,1,2015,5,19
2015-05-27,1,1,2015,5,22
2015-05-28,1,1,2015,5,23
2015-05-29,1,1,2015,5,18
2015-05-30,1,1,2015,5,36
2015-05-31,1,1,2015,5,27
2015-06-01,1,1,2015,6,23
2015-06-02,1,1,2015,6,15
2015-06-03,1,1,2015,6,23
2015-06-04,1,1,2015,6,25
2015-06-05,1,1,2015,6,18
2015-06-06,1,1,2015,6,43
2015-06-07,1,1,2015,6,22
2015-06-08,1,1,2015,6,18
2015-06-09,1,1,2015,6,19
2015-06-10,1,1,2015,6,22
2015-06-11,1,1,2015,6,29
2015-06-12,1,1,2015,6,23
2015-06-13,1,1,2015,6,28
2015-06-14,1,1,2015,6,30
2015-06-15,1,1,2015,6,19
2015-06-16,1,1,2015,6,17
2015-06-17,1,1,2015,6,28
2015-06-18,1,1,2015,6,29
2015-06-19,1,1,2015,6,20
2015-06-20,1,1,2015,6,30
2015-06-21,1,1,2015,6,34
2015-06-22,1,1,2015,6,14
2015-06-23,1,1,2015,6,27
2015-06-24,1,1,2015,6,26
2015-06-25,1,1,2015,6,21
2015-06-26,1,1,2015,6,30
2015-06-27,1,1,2015,6,31
2015-06-28,1,1,2015,6,35
2015-06-29,1,1,2015,6,26
2015-06-30,1,1,2015,6,23
2015-07-01,1,1,2015,7,21
2015-07-02,1,1,2015,7,26
2015-07-03,1,1,2015,7,30
2015-07-04,1,1,2015,7,40
2015-07-05,1,1,2015,7,30
2015-07-06,1,1,2015,7,20
2015-07-07,1,1,2015,7,24
2015-07-08,1,1,2015,7,21
2015-07-09,1,1,2015,7,33
2015-07-10,1,1,2015,7,26
2015-07-11,1,1,2015,7,30
2015-07-12,1,1,2015,7,19
2015-07-13,1,1,2015,7,22
2015-07-14,1,1,2015,7,19
2015-07-15,1,1,2015,7,20
2015-07-16,1,1,2015,7,41
2015-07-17,1,1,2015,7,31
2015-07-18,1,1,2015,7,38
2015-07-19,1,1,2015,7,38
2015-07-20,1,1,2015,7,22
2015-07-21,1,1,2015,7,29
2015-07-22,1,1,2015,7,27
2015-07-23,1,1,2015,7,17
2015-07-24,1,1,2015,7,29
2015-07-25,1,1,2015,7,34
2015-07-26,1,1,2015,7,38
2015-07-27,1,1,2015,7,13
2015-07-28,1,1,2015,7,27
2015-07-29,1,1,2015,7,26
2015-07-30,1,1,2015,7,22
2015-07-31,1,1,2015,7,29
2015-08-01,1,1,2015,8,28
2015-08-02,1,1,2015,8,19
2015-08-03,1,1,2015,8,20
2015-08-04,1,1,2015,8,26
2015-08-05,1,1,2015,8,20
2015-08-06,1,1,2015,8,25
2015-08-07,1,1,2015,8,22
2015-08-08,1,1,2015,8,19
2015-08-09,1,1,2015,8,33
2015-08-10,1,1,2015,8,14
2015-08-11,1,1,2015,8,16
2015-08-12,1,1,2015,8,24
2015-08-13,1,1,2015,8,25
2015-08-14,1,1,2015,8,23
2015-08-15,1,1,2015,8,26
2015-08-16,1,1,2015,8,27
2015-08-17,1,1,2015,8,14
2015-08-18,1,1,2015,8,18
2015-08-19,1,1,2015,8,24
2015-08-20,1,1,2015,8,17
2015-08-21,1,1,2015,8,29
2015-08-22,1,1,2015,8,22
2015-08-23,1,1,2015,8,19
2015-08-24,1,1,2015,8,19
2015-08-25,1,1,2015,8,22
2015-08-26,1,1,2015,8,26
2015-08-27,1,1,2015,8,23
2015-08-28,1,1,2015,8,25
2015-08-29,1,1,2015,8,36
2015-08-30,1,1,2015,8,25
2015-08-31,1,1,2015,8,20
2015-09-01,1,1,2015,9,27
2015-09-02,1,1,2015,9,22
2015-09-03,1,1,2015,9,16
2015-09-04,1,1,2015,9,16
2015-09-05,1,1,2015,9,34
2015-09-06,1,1,2015,9,25
2015-09-07,1,1,2015,9,17
2015-09-08,1,1,2015,9,25
2015-09-09,1,1,2015,9,13
2015-09-10,1,1,2015,9,25
2015-09-11,1,1,2015,9,28
2015-09-12,1,1,2015,9,24
2015-09-13,1,1,2015,9,28
2015-09-14,1,1,2015,9,22
2015-09-15,1,1,2015,9,21
2015-09-16,1,1,2015,9,23
2015-09-17,1,1,2015,9,19
2015-09-18,1,1,2015,9,16
2015-09-19,1,1,2015,9,40
2015-09-20,1,1,2015,9,28
2015-09-21,1,1,2015,9,18
2015-09-22,1,1,2015,9,20
2015-09-23,1,1,2015,9,22
2015-09-24,1,1,2015,9,28
2015-09-25,1,1,2015,9,20
2015-09-26,1,1,2015,9,20
2015-09-27,1,1,2015,9,32
2015-09-28,1,1,2015,9,15
2015-09-29,1,1,2015,9,19
2015-09-30,1,1,2015,9,15
2015-10-01,1,1,2015,10,25
2015-10-02,1,1,2015,10,12
2015-10-03,1,1,2015,10,20
2015-10-04,1,1,2015,10,22
2015-10-05,1,1,2015,10,13
2015-10-06,1,1,2015,10,14
2015-10-07,1,1,2015,10,19
2015-10-08,1,1,2015,10,21
2015-10-09,1,1,2015,10,27
2015-10-10,1,1,2015,10,22
2015-10-11,1,1,2015,10,25
2015-10-12,1,1,2015,10,12
2015-10-13,1,1,2015,10,24
2015-10-14,1,1,2015,10,26
2015-10-15,1,1,2015,10,19
2015-10-16,1,1,2015,10,23
2015-10-17,1,1,2015,10,22
2015-10-18,1,1,2015,10,25
2015-10-19,1,1,2015,10,19
2015-10-20,1,1,2015,10,21
2015-10-21,1,1,2015,10,24
2015-10-22,1,1,2015,10,17
2015-10-23,1,1,2015,10,28
2015-10-24,1,1,2015,10,24
2015-10-25,1,1,2015,10,33
2015-10-26,1,1,2015,10,18
2015-10-27,1,1,2015,10,18
2015-10-28,1,1,2015,10,8
2015-10-29,1,1,2015,10,17
2015-10-30,1,1,2015,10,19
2015-10-31,1,1,2015,10,30
2015-11-01,1,1,2015,11,26
2015-11-02,1,1,2015,11,16
2015-11-03,1,1,2015,11,25
2015-11-04,1,1,2015,11,26
2015-11-05,1,1,2015,11,21
2015-11-06,1,1,2015,11,24
2015-11-07,1,1,2015,11,25
2015-11-08,1,1,2015,11,25
2015-11-09,1,1,2015,11,16
2015-11-10,1,1,2015,11,15
2015-11-11,1,1,2015,11,24
2015-11-12,1,1,2015,11,19
2015-11-13,1,1,2015,11,21
2015-11-14,1,1,2015,11,37
2015-11-15,1,1,2015,11,31
2015-11-16,1,1,2015,11,14
2015-11-17,1,1,2015,11,19
2015-11-18,1,1,2015,11,30
2015-11-19,1,1,2015,11,26
2015-11-20,1,1,2015,11,27
2015-11-21,1,1,2015,11,22
2015-11-22,1,1,2015,11,30
2015-11-23,1,1,2015,11,21
2015-11-24,1,1,2015,11,20
2015-11-25,1,1,2015,11,16
2015-11-26,1,1,2015,11,19
2015-11-27,1,1,2015,11,33
2015-11-28,1,1,2015,11,24
2015-11-29,1,1,2015,11,27
2015-11-30,1,1,2015,11,5
2015-12-01,1,1,2015,12,13
2015-12-02,1,1,2015,12,12
2015-12-03,1,1,2015,12,14
2015-12-04,1,1,2015,12,29
2015-12-05,1,1,2015,12,12
2015-12-06,1,1,2015,12,14
2015-12-07,1,1,2015,12,14
2015-12-08,1,1,2015,12,13
2015-12-09,1,1,2015,12,18
2015-12-10,1,1,2015,12,14
2015-12-11,1,1,2015,12,21
2015-12-12,1,1,2015,12,23
2015-12-13,1,1,2015,12,14
2015-12-14,1,1,2015,12,10
2015-12-15,1,1,2015,12,12
2015-12-16,1,1,2015,12,19
2015-12-17,1,1,2015,12,9
2015-12-18,1,1,2015,12,19
2015-12-19,1,1,2015,12,21
2015-12-20,1,1,2015,12,17
2015-12-21,1,1,2015,12,10
2015-12-22,1,1,2015,12,13
2015-12-23,1,1,2015,12,14
2015-12-24,1,1,2015,12,7
2015-12-25,1,1,2015,12,19
2015-12-26,1,1,2015,12,13
2015-12-27,1,1,2015,12,17
2015-12-28,1,1,2015,12,4
2015-12-29,1,1,2015,12,12
2015-12-30,1,1,2015,12,15
2015-12-31,1,1,2015,12,18
2016-01-01,1,1,2016,1,21
2016-01-02,1,1,2016,1,13
2016-01-03,1,1,2016,1,12
2016-01-04,1,1,2016,1,12
2016-01-05,1,1,2016,1,12
2016-01-06,1,1,2016,1,16
2016-01-07,1,1,2016,1,12
2016-01-08,1,1,2016,1,12
2016-01-09,1,1,2016,1,16
2016-01-10,1,1,2016,1,26
2016-01-11,1,1,2016,1,7
2016-01-12,1,1,2016,1,13
2016-01-13,1,1,2016,1,9
2016-01-14,1,1,2016,1,18
2016-01-15,1,1,2016,1,13
2016-01-16,1,1,2016,1,8
2016-01-17,1,1,2016,1,13
2016-01-18,1,1,2016,1,7
2016-01-19,1,1,2016,1,17
2016-01-20,1,1,2016,1,13
2016-01-21,1,1,2016,1,12
2016-01-22,1,1,2016,1,15
2016-01-23,1,1,2016,1,23
2016-01-24,1,1,2016,1,21
2016-01-25,1,1,2016,1,15
2016-01-26,1,1,2016,1,18
2016-01-27,1,1,2016,1,14
2016-01-28,1,1,2016,1,17
2016-01-29,1,1,2016,1,16
2016-01-30,1,1,2016,1,14
2016-01-31,1,1,2016,1,14
2016-02-01,1,1,2016,2,16
2016-02-02,1,1,2016,2,16
2016-02-03,1,1,2016,2,19
2016-02-04,1,1,2016,2,9
2016-02-05,1,1,2016,2,14
2016-02-06,1,1,2016,2,14
2016-02-07,1,1,2016,2,18
2016-02-08,1,1,2016,2,12
2016-02-09,1,1,2016,2,14
2016-02-10,1,1,2016,2,16
2016-02-11,1,1,2016,2,14
2016-02-12,1,1,2016,2,15
2016-02-13,1,1,2016,2,10
2016-02-14,1,1,2016,2,23
2016-02-15,1,1,2016,2,8
2016-02-16,1,1,2016,2,19
2016-02-17,1,1,2016,2,29
2016-02-18,1,1,2016,2,17
2016-02-19,1,1,2016,2,18
2016-02-20,1,1,2016,2,18
2016-02-21,1,1,2016,2,21
2016-02-22,1,1,2016,2,16
2016-02-23,1,1,2016,2,16
2016-02-24,1,1,2016,2,10
2016-02-25,1,1,2016,2,12
2016-02-26,1,1,2016,2,9
2016-02-27,1,1,2016,2,21
2016-02-28,1,1,2016,2,12
2016-02-29,1,1,2016,2,14
2016-03-01,1,1,2016,3,16
2016-03-02,1,1,2016,3,17
2016-03-03,1,1,2016,3,20
2016-03-04,1,1,2016,3,17
2016-03-05,1,1,2016,3,17
2016-03-06,1,1,2016,3,22
2016-03-07,1,1,2016,3,17
2016-03-08,1,1,2016,3,9
2016-03-09,1,1,2016,3,18
2016-03-10,1,1,2016,3,15
2016-03-11,1,1,2016,3,22
2016-03-12,1,1,2016,3,17
2016-03-13,1,1,2016,3,23
2016-03-14,1,1,2016,3,13
2016-03-15,1,1,2016,3,11
2016-03-16,1,1,2016,3,23
2016-03-17,1,1,2016,3,19
2016-03-18,1,1,2016,3,21
2016-03-19,1,1,2016,3,25
2016-03-20,1,1,2016,3,25
2016-03-21,1,1,2016,3,22
2016-03-22,1,1,2016,3,17
2016-03-23,1,1,2016,3,19
2016-03-24,1,1,2016,3,18
2016-03-25,1,1,2016,3,27
2016-03-26,1,1,2016,3,22
2016-03-27,1,1,2016,3,28
2016-03-28,1,1,2016,3,16
2016-03-29,1,1,2016,3,22
2016-03-30,1,1,2016,3,14
2016-03-31,1,1,2016,3,17
2016-04-01,1,1,2016,4,32
2016-04-02,1,1,2016,4,24
2016-04-03,1,1,2016,4,29
2016-04-04,1,1,2016,4,18
2016-04-05,1,1,2016,4,20
2016-04-06,1,1,2016,4,25
2016-04-07,1,1,2016,4,18
2016-04-08,1,1,2016,4,23
2016-04-09,1,1,2016,4,22
2016-04-10,1,1,2016,4,36
2016-04-11,1,1,2016,4,18
2016-04-12,1,1,2016,4,30
2016-04-13,1,1,2016,4,24
2016-04-14,1,1,2016,4,22
2016-04-15,1,1,2016,4,23
2016-04-16,1,1,2016,4,22
2016-04-17,1,1,2016,4,18
2016-04-18,1,1,2016,4,23
2016-04-19,1,1,2016,4,23
2016-04-20,1,1,2016,4,18
2016-04-21,1,1,2016,4,20
2016-04-22,1,1,2016,4,22
2016-04-23,1,1,2016,4,23
2016-04-24,1,1,2016,4,26
2016-04-25,1,1,2016,4,15
2016-04-26,1,1,2016,4,20
2016-04-27,1,1,2016,4,19
2016-04-28,1,1,2016,4,21
2016-04-29,1,1,2016,4,30
2016-04-30,1,1,2016,4,30
2016-05-01,1,1,2016,5,30
2016-05-02,1,1,2016,5,18
2016-05-03,1,1,2016,5,29
2016-05-04,1,1,2016,5,24
2016-05-05,1,1,2016,5,17
2016-05-06,1,1,2016,5,23
2016-05-07,1,1,2016,5,23
2016-05-08,1,1,2016,5,26
2016-05-09,1,1,2016,5,18
2016-05-10,1,1,2016,5,29
2016-05-11,1,1,2016,5,21
2016-05-12,1,1,2016,5,19
2016-05-13,1,1,2016,5,26
2016-05-14,1,1,2016,5,30
2016-05-15,1,1,2016,5,39
2016-05-16,1,1,2016,5,13
2016-05-17,1,1,2016,5,25
2016-05-18,1,1,2016,5,33
2016-05-19,1,1,2016,5,26
2016-05-20,1,1,2016,5,28
2016-05-21,1,1,2016,5,35
2016-05-22,1,1,2016,5,32
2016-05-23,1,1,2016,5,22
2016-05-24,1,1,2016,5,26
2016-05-25,1,1,2016,5,29
2016-05-26,1,1,2016,5,17
2016-05-27,1,1,2016,5,26
2016-05-28,1,1,2016,5,33
2016-05-29,1,1,2016,5,29
2016-05-30,1,1,2016,5,18
2016-05-31,1,1,2016,5,18
2016-06-01,1,1,2016,6,24
2016-06-02,1,1,2016,6,25
2016-06-03,1,1,2016,6,38
2016-06-04,1,1,2016,6,28
2016-06-05,1,1,2016,6,35
2016-06-06,1,1,2016,6,23
2016-06-07,1,1,2016,6,22
2016-06-08,1,1,2016,6,22
2016-06-09,1,1,2016,6,24
2016-06-10,1,1,2016,6,34
2016-06-11,1,1,2016,6,31
2016-06-12,1,1,2016,6,22
2016-06-13,1,1,2016,6,22
2016-06-14,1,1,2016,6,25
2016-06-15,1,1,2016,6,22
2016-06-16,1,1,2016,6,30
2016-06-17,1,1,2016,6,22
2016-06-18,1,1,2016,6,27
2016-06-19,1,1,2016,6,28
2016-06-20,1,1,2016,6,15
2016-06-21,1,1,2016,6,25
2016-06-22,1,1,2016,6,25
2016-06-23,1,1,2016,6,23
2016-06-24,1,1,2016,6,31
2016-06-25,1,1,2016,6,31
2016-06-26,1,1,2016,6,32
2016-06-27,1,1,2016,6,26
2016-06-28,1,1,2016,6,28
2016-06-29,1,1,2016,6,25
2016-06-30,1,1,2016,6,25
2016-07-01,1,1,2016,7,42
2016-07-02,1,1,2016,7,32
2016-07-03,1,1,2016,7,35
2016-07-04,1,1,2016,7,18
2016-07-05,1,1,2016,7,31
2016-07-06,1,1,2016,7,22
2016-07-07,1,1,2016,7,33
2016-07-08,1,1,2016,7,34
2016-07-09,1,1,2016,7,35
2016-07-10,1,1,2016,7,28
2016-07-11,1,1,2016,7,18
2016-07-12,1,1,2016,7,27
2016-07-13,1,1,2016,7,30
2016-07-14,1,1,2016,7,22
2016-07-15,1,1,2016,7,33
2016-07-16,1,1,2016,7,34
2016-07-17,1,1,2016,7,37
2016-07-18,1,1,2016,7,24
2016-07-19,1,1,2016,7,25
2016-07-20,1,1,2016,7,22
2016-07-21,1,1,2016,7,34
2016-07-22,1,1,2016,7,26
2016-07-23,1,1,2016,7,34
2016-07-24,1,1,2016,7,25
2016-07-25,1,1,2016,7,21
2016-07-26,1,1,2016,7,24
2016-07-27,1,1,2016,7,28
2016-07-28,1,1,2016,7,30
2016-07-29,1,1,2016,7,30
2016-07-30,1,1,2016,7,38
2016-07-31,1,1,2016,7,31
2016-08-01,1,1,2016,8,21
2016-08-02,1,1,2016,8,22
2016-08-03,1,1,2016,8,28
2016-08-04,1,1,2016,8,34
2016-08-05,1,1,2016,8,24
2016-08-06,1,1,2016,8,20
2016-08-07,1,1,2016,8,31
2016-08-08,1,1,2016,8,11
2016-08-09,1,1,2016,8,26
2016-08-10,1,1,2016,8,21
2016-08-11,1,1,2016,8,23
2016-08-12,1,1,2016,8,16
2016-08-13,1,1,2016,8,27
2016-08-14,1,1,2016,8,36
2016-08-15,1,1,2016,8,24
2016-08-16,1,1,2016,8,15
2016-08-17,1,1,2016,8,25
2016-08-18,1,1,2016,8,26
2016-08-19,1,1,2016,8,29
2016-08-20,1,1,2016,8,30
2016-08-21,1,1,2016,8,22
2016-08-22,1,1,2016,8,15
2016-08-23,1,1,2016,8,24
2016-08-24,1,1,2016,8,32
2016-08-25,1,1,2016,8,17
2016-08-26,1,1,2016,8,25
2016-08-27,1,1,2016,8,24
2016-08-28,1,1,2016,8,34
2016-08-29,1,1,2016,8,14
2016-08-30,1,1,2016,8,14
2016-08-31,1,1,2016,8,17
2016-09-01,1,1,2016,9,18
2016-09-02,1,1,2016,9,20
2016-09-03,1,1,2016,9,31
2016-09-04,1,1,2016,9,25
2016-09-05,1,1,2016,9,32
2016-09-06,1,1,2016,9,28
2016-09-07,1,1,2016,9,18
2016-09-08,1,1,2016,9,28
2016-09-09,1,1,2016,9,26
2016-09-10,1,1,2016,9,25
2016-09-11,1,1,2016,9,24
2016-09-12,1,1,2016,9,24
2016-09-13,1,1,2016,9,24
2016-09-14,1,1,2016,9,19
2016-09-15,1,1,2016,9,20
2016-09-16,1,1,2016,9,19
2016-09-17,1,1,2016,9,19
2016-09-18,1,1,2016,9,27
2016-09-19,1,1,2016,9,19
2016-09-20,1,1,2016,9,23
2016-09-21,1,1,2016,9,25
2016-09-22,1,1,2016,9,25
2016-09-23,1,1,2016,9,24
2016-09-24,1,1,2016,9,26
2016-09-25,1,1,2016,9,27
2016-09-26,1,1,2016,9,17
2016-09-27,1,1,2016,9,18
2016-09-28,1,1,2016,9,27
2016-09-29,1,1,2016,9,28
2016-09-30,1,1,2016,9,23
2016-10-01,1,1,2016,10,25
2016-10-02,1,1,2016,10,26
2016-10-03,1,1,2016,10,20
2016-10-04,1,1,2016,10,28
2016-10-05,1,1,2016,10,17
2016-10-06,1,1,2016,10,22
2016-10-07,1,1,2016,10,19
2016-10-08,1,1,2016,10,24
2016-10-09,1,1,2016,10,29
2016-10-10,1,1,2016,10,18
2016-10-11,1,1,2016,10,18
2016-10-12,1,1,2016,10,16
2016-10-13,1,1,2016,10,16
2016-10-14,1,1,2016,10,32
2016-10-15,1,1,2016,10,32
2016-10-16,1,1,2016,10,26
2016-10-17,1,1,2016,10,20
2016-10-18,1,1,2016,10,21
2016-10-19,1,1,2016,10,20
2016-10-20,1,1,2016,10,30
2016-10-21,1,1,2016,10,25
2016-10-22,1,1,2016,10,26
2016-10-23,1,1,2016,10,21
2016-10-24,1,1,2016,10,16
2016-10-25,1,1,2016,10,13
2016-10-26,1,1,2016,10,16
2016-10-27,1,1,2016,10,25
2016-10-28,1,1,2016,10,18
2016-10-29,1,1,2016,10,23
2016-10-30,1,1,2016,10,33
2016-10-31,1,1,2016,10,24
2016-11-01,1,1,2016,11,22
2016-11-02,1,1,2016,11,23
2016-11-03,1,1,2016,11,23
2016-11-04,1,1,2016,11,22
2016-11-05,1,1,2016,11,29
2016-11-06,1,1,2016,11,18
2016-11-07,1,1,2016,11,17
2016-11-08,1,1,2016,11,19
2016-11-09,1,1,2016,11,22
2016-11-10,1,1,2016,11,18
2016-11-11,1,1,2016,11,26
2016-11-12,1,1,2016,11,26
2016-11-13,1,1,2016,11,36
2016-11-14,1,1,2016,11,17
2016-11-15,1,1,2016,11,22
2016-11-16,1,1,2016,11,20
2016-11-17,1,1,2016,11,19
2016-11-18,1,1,2016,11,21
2016-11-19,1,1,2016,11,36
2016-11-20,1,1,2016,11,22
2016-11-21,1,1,2016,11,14
2016-11-22,1,1,2016,11,18
2016-11-23,1,1,2016,11,20
2016-11-24,1,1,2016,11,18
2016-11-25,1,1,2016,11,26
2016-11-26,1,1,2016,11,20
2016-11-27,1,1,2016,11,20
2016-11-28,1,1,2016,11,22
2016-11-29,1,1,2016,11,27
2016-11-30,1,1,2016,11,19
2016-12-01,1,1,2016,12,13
2016-12-02,1,1,2016,12,11
2016-12-03,1,1,2016,12,19
2016-12-04,1,1,2016,12,24
2016-12-05,1,1,2016,12,13
2016-12-06,1,1,2016,12,10
2016-12-07,1,1,2016,12,17
2016-12-08,1,1,2016,12,15
2016-12-09,1,1,2016,12,7
2016-12-10,1,1,2016,12,12
2016-12-11,1,1,2016,12,20
2016-12-12,1,1,2016,12,12
2016-12-13,1,1,2016,12,23
2016-12-14,1,1,2016,12,12
2016-12-15,1,1,2016,12,10
2016-12-16,1,1,2016,12,15
2016-12-17,1,1,2016,12,19
2016-12-18,1,1,2016,12,22
2016-12-19,1,1,2016,12,17
2016-12-20,1,1,2016,12,18
2016-12-21,1,1,2016,12,12
2016-12-22,1,1,2016,12,20
2016-12-23,1,1,2016,12,21
2016-12-24,1,1,2016,12,13
2016-12-25,1,1,2016,12,20
2016-12-26,1,1,2016,12,16
2016-12-27,1,1,2016,12,10
2016-12-28,1,1,2016,12,16
2016-12-29,1,1,2016,12,21
2016-12-30,1,1,2016,12,24
2016-12-31,1,1,2016,12,14
2017-01-01,1,1,2017,1,19
2017-01-02,1,1,2017,1,15
2017-01-03,1,1,2017,1,10
2017-01-04,1,1,2017,1,16
2017-01-05,1,1,2017,1,14
2017-01-06,1,1,2017,1,24
2017-01-07,1,1,2017,1,14
2017-01-08,1,1,2017,1,20
2017-01-09,1,1,2017,1,18
2017-01-10,1,1,2017,1,11
2017-01-11,1,1,2017,1,14
2017-01-12,1,1,2017,1,17
2017-01-13,1,1,2017,1,7
2017-01-14,1,1,2017,1,16
2017-01-15,1,1,2017,1,29
2017-01-16,1,1,2017,1,15
2017-01-17,1,1,2017,1,14
2017-01-18,1,1,2017,1,10
2017-01-19,1,1,2017,1,16
2017-01-20,1,1,2017,1,22
2017-01-21,1,1,2017,1,13
2017-01-22,1,1,2017,1,21
2017-01-23,1,1,2017,1,9
2017-01-24,1,1,2017,1,18
2017-01-25,1,1,2017,1,14
2017-01-26,1,1,2017,1,13
2017-01-27,1,1,2017,1,10
2017-01-28,1,1,2017,1,16
2017-01-29,1,1,2017,1,24
2017-01-30,1,1,2017,1,9
2017-01-31,1,1,2017,1,17
2017-02-01,1,1,2017,2,15
2017-02-02,1,1,2017,2,17
2017-02-03,1,1,2017,2,24
2017-02-04,1,1,2017,2,25
2017-02-05,1,1,2017,2,25
2017-02-06,1,1,2017,2,16
2017-02-07,1,1,2017,2,12
2017-02-08,1,1,2017,2,20
2017-02-09,1,1,2017,2,16
2017-02-10,1,1,2017,2,16
2017-02-11,1,1,2017,2,18
2017-02-12,1,1,2017,2,19
2017-02-13,1,1,2017,2,11
2017-02-14,1,1,2017,2,15
2017-02-15,1,1,2017,2,22
2017-02-16,1,1,2017,2,11
2017-02-17,1,1,2017,2,17
2017-02-18,1,1,2017,2,22
2017-02-19,1,1,2017,2,18
2017-02-20,1,1,2017,2,5
2017-02-21,1,1,2017,2,14
2017-02-22,1,1,2017,2,12
2017-02-23,1,1,2017,2,26
2017-02-24,1,1,2017,2,15
2017-02-25,1,1,2017,2,16
2017-02-26,1,1,2017,2,28
2017-02-27,1,1,2017,2,12
2017-02-28,1,1,2017,2,20
2017-03-01,1,1,2017,3,16
2017-03-02,1,1,2017,3,23
2017-03-03,1,1,2017,3,22
2017-03-04,1,1,2017,3,13
2017-03-05,1,1,2017,3,25
2017-03-06,1,1,2017,3,11
2017-03-07,1,1,2017,3,14
2017-03-08,1,1,2017,3,17
2017-03-09,1,1,2017,3,16
2017-03-10,1,1,2017,3,18
2017-03-11,1,1,2017,3,15
2017-03-12,1,1,2017,3,21
2017-03-13,1,1,2017,3,14
2017-03-14,1,1,2017,3,24
2017-03-15,1,1,2017,3,22
2017-03-16,1,1,2017,3,23
2017-03-17,1,1,2017,3,17
2017-03-18,1,1,2017,3,20
2017-03-19,1,1,2017,3,25
2017-03-20,1,1,2017,3,14
2017-03-21,1,1,2017,3,13
2017-03-22,1,1,2017,3,23
2017-03-23,1,1,2017,3,18
2017-03-24,1,1,2017,3,19
2017-03-25,1,1,2017,3,20
2017-03-26,1,1,2017,3,17
2017-03-27,1,1,2017,3,21
2017-03-28,1,1,2017,3,13
2017-03-29,1,1,2017,3,12
2017-03-30,1,1,2017,3,22
2017-03-31,1,1,2017,3,13
2017-04-01,1,1,2017,4,26
2017-04-02,1,1,2017,4,21
2017-04-03,1,1,2017,4,17
2017-04-04,1,1,2017,4,22
2017-04-05,1,1,2017,4,21
2017-04-06,1,1,2017,4,25
2017-04-07,1,1,2017,4,25
2017-04-08,1,1,2017,4,23
2017-04-09,1,1,2017,4,20
2017-04-10,1,1,2017,4,19
2017-04-11,1,1,2017,4,21
2017-04-12,1,1,2017,4,17
2017-04-13,1,1,2017,4,25
2017-04-14,1,1,2017,4,15
2017-04-15,1,1,2017,4,20
2017-04-16,1,1,2017,4,32
2017-04-17,1,1,2017,4,13
2017-04-18,1,1,2017,4,21
2017-04-19,1,1,2017,4,19
2017-04-20,1,1,2017,4,26
2017-04-21,1,1,2017,4,27
2017-04-22,1,1,2017,4,19
2017-04-23,1,1,2017,4,22
2017-04-24,1,1,2017,4,17
2017-04-25,1,1,2017,4,26
2017-04-26,1,1,2017,4,22
2017-04-27,1,1,2017,4,26
2017-04-28,1,1,2017,4,25
2017-04-29,1,1,2017,4,32
2017-04-30,1,1,2017,4,33
2017-05-01,1,1,2017,5,15
2017-05-02,1,1,2017,5,21
2017-05-03,1,1,2017,5,29
2017-05-04,1,1,2017,5,19
2017-05-05,1,1,2017,5,28
2017-05-06,1,1,2017,5,34
2017-05-07,1,1,2017,5,31
2017-05-08,1,1,2017,5,24
2017-05-09,1,1,2017,5,32
2017-05-10,1,1,2017,5,17
2017-05-11,1,1,2017,5,18
2017-05-12,1,1,2017,5,26
2017-05-13,1,1,2017,5,25
2017-05-14,1,1,2017,5,32
2017-05-15,1,1,2017,5,17
2017-05-16,1,1,2017,5,24
2017-05-17,1,1,2017,5,16
2017-05-18,1,1,2017,5,32
2017-05-19,1,1,2017,5,35
2017-05-20,1,1,2017,5,34
2017-05-21,1,1,2017,5,25
2017-05-22,1,1,2017,5,20
2017-05-23,1,1,2017,5,15
2017-05-24,1,1,2017,5,30
2017-05-25,1,1,2017,5,22
2017-05-26,1,1,2017,5,24
2017-05-27,1,1,2017,5,35
2017-05-28,1,1,2017,5,33
2017-05-29,1,1,2017,5,23
2017-05-30,1,1,2017,5,17
2017-05-31,1,1,2017,5,20
2017-06-01,1,1,2017,6,29
2017-06-02,1,1,2017,6,25
2017-06-03,1,1,2017,6,36
2017-06-04,1,1,2017,6,27
2017-06-05,1,1,2017,6,22
2017-06-06,1,1,2017,6,22
2017-06-07,1,1,2017,6,29
2017-06-08,1,1,2017,6,26
2017-06-09,1,1,2017,6,16
2017-06-10,1,1,2017,6,41
2017-06-11,1,1,2017,6,28
2017-06-12,1,1,2017,6,23
2017-06-13,1,1,2017,6,26
2017-06-14,1,1,2017,6,32
2017-06-15,1,1,2017,6,30
2017-06-16,1,1,2017,6,26
2017-06-17,1,1,2017,6,31
2017-06-18,1,1,2017,6,38
2017-06-19,1,1,2017,6,30
2017-06-20,1,1,2017,6,22
2017-06-21,1,1,2017,6,26
2017-06-22,1,1,2017,6,24
2017-06-23,1,1,2017,6,26
2017-06-24,1,1,2017,6,30
2017-06-25,1,1,2017,6,26
2017-06-26,1,1,2017,6,21
2017-06-27,1,1,2017,6,32
2017-06-28,1,1,2017,6,50
2017-06-29,1,1,2017,6,28
2017-06-30,1,1,2017,6,28
2017-07-01,1,1,2017,7,31
2017-07-02,1,1,2017,7,38
2017-07-03,1,1,2017,7,18
2017-07-04,1,1,2017,7,23
2017-07-05,1,1,2017,7,23
2017-07-06,1,1,2017,7,31
2017-07-07,1,1,2017,7,32
2017-07-08,1,1,2017,7,27
2017-07-09,1,1,2017,7,32
2017-07-10,1,1,2017,7,16
2017-07-11,1,1,2017,7,23
2017-07-12,1,1,2017,7,29
2017-07-13,1,1,2017,7,22
2017-07-14,1,1,2017,7,38
2017-07-15,1,1,2017,7,40
2017-07-16,1,1,2017,7,36
2017-07-17,1,1,2017,7,20
2017-07-18,1,1,2017,7,26
2017-07-19,1,1,2017,7,24
2017-07-20,1,1,2017,7,37
2017-07-21,1,1,2017,7,27
2017-07-22,1,1,2017,7,35
2017-07-23,1,1,2017,7,32
2017-07-24,1,1,2017,7,27
2017-07-25,1,1,2017,7,20
2017-07-26,1,1,2017,7,28
2017-07-27,1,1,2017,7,35
2017-07-28,1,1,2017,7,25
2017-07-29,1,1,2017,7,30
2017-07-30,1,1,2017,7,26
2017-07-31,1,1,2017,7,22
2017-08-01,1,1,2017,8,18
2017-08-02,1,1,2017,8,19
2017-08-03,1,1,2017,8,25
2017-08-04,1,1,2017,8,26
2017-08-05,1,1,2017,8,35
2017-08-06,1,1,2017,8,29
2017-08-07,1,1,2017,8,20
2017-08-08,1,1,2017,8,28
2017-08-09,1,1,2017,8,28
2017-08-10,1,1,2017,8,31
2017-08-11,1,1,2017,8,25
2017-08-12,1,1,2017,8,32
2017-08-13,1,1,2017,8,32
2017-08-14,1,1,2017,8,26
2017-08-15,1,1,2017,8,18
2017-08-16,1,1,2017,8,24
2017-08-17,1,1,2017,8,21
2017-08-18,1,1,2017,8,35
2017-08-19,1,1,2017,8,29
2017-08-20,1,1,2017,8,27
2017-08-21,1,1,2017,8,19
2017-08-22,1,1,2017,8,28
2017-08-23,1,1,2017,8,26
2017-08-24,1,1,2017,8,15
2017-08-25,1,1,2017,8,30
2017-08-26,1,1,2017,8,38
2017-08-27,1,1,2017,8,26
2017-08-28,1,1,2017,8,15
2017-08-29,1,1,2017,8,21
2017-08-30,1,1,2017,8,22
2017-08-31,1,1,2017,8,26
2017-09-01,1,1,2017,9,38
2017-09-02,1,1,2017,9,26
2017-09-03,1,1,2017,9,23
2017-09-04,1,1,2017,9,12
2017-09-05,1,1,2017,9,26
2017-09-06,1,1,2017,9,24
2017-09-07,1,1,2017,9,29
2017-09-08,1,1,2017,9,28
2017-09-09,1,1,2017,9,28
2017-09-10,1,1,2017,9,30
2017-09-11,1,1,2017,9,16
2017-09-12,1,1,2017,9,20
2017-09-13,1,1,2017,9,13
2017-09-14,1,1,2017,9,26
2017-09-15,1,1,2017,9,28
2017-09-16,1,1,2017,9,27
2017-09-17,1,1,2017,9,30
2017-09-18,1,1,2017,9,22
2017-09-19,1,1,2017,9,21
2017-09-20,1,1,2017,9,20
2017-09-21,1,1,2017,9,20
2017-09-22,1,1,2017,9,28
2017-09-23,1,1,2017,9,37
2017-09-24,1,1,2017,9,24
2017-09-25,1,1,2017,9,14
2017-09-26,1,1,2017,9,18
2017-09-27,1,1,2017,9,27
2017-09-28,1,1,2017,9,23
2017-09-29,1,1,2017,9,28
2017-09-30,1,1,2017,9,30
2017-10-01,1,1,2017,10,21
2017-10-02,1,1,2017,10,12
2017-10-03,1,1,2017,10,18
2017-10-04,1,1,2017,10,15
2017-10-05,1,1,2017,10,20
2017-10-06,1,1,2017,10,19
2017-10-07,1,1,2017,10,22
2017-10-08,1,1,2017,10,19
2017-10-09,1,1,2017,10,9
2017-10-10,1,1,2017,10,23
2017-10-11,1,1,2017,10,14
2017-10-12,1,1,2017,10,24
2017-10-13,1,1,2017,10,23
2017-10-14,1,1,2017,10,26
2017-10-15,1,1,2017,10,28
2017-10-16,1,1,2017,10,19
2017-10-17,1,1,2017,10,17
2017-10-18,1,1,2017,10,15
2017-10-19,1,1,2017,10,26
2017-10-20,1,1,2017,10,22
2017-10-21,1,1,2017,10,26
2017-10-22,1,1,2017,10,32
2017-10-23,1,1,2017,10,20
2017-10-24,1,1,2017,10,23
2017-10-25,1,1,2017,10,22
2017-10-26,1,1,2017,10,28
2017-10-27,1,1,2017,10,20
2017-10-28,1,1,2017,10,22
2017-10-29,1,1,2017,10,29
2017-10-30,1,1,2017,10,22
2017-10-31,1,1,2017,10,24
2017-11-01,1,1,2017,11,16
2017-11-02,1,1,2017,11,21
2017-11-03,1,1,2017,11,18
2017-11-04,1,1,2017,11,34
2017-11-05,1,1,2017,11,23
2017-11-06,1,1,2017,11,17
2017-11-07,1,1,2017,11,23
2017-11-08,1,1,2017,11,14
2017-11-09,1,1,2017,11,21
2017-11-10,1,1,2017,11,19
2017-11-11,1,1,2017,11,24
2017-11-12,1,1,2017,11,27
2017-11-13,1,1,2017,11,22
2017-11-14,1,1,2017,11,16
2017-11-15,1,1,2017,11,19
2017-11-16,1,1,2017,11,22
2017-11-17,1,1,2017,11,25
2017-11-18,1,1,2017,11,31
2017-11-19,1,1,2017,11,32
2017-11-20,1,1,2017,11,21
2017-11-21,1,1,2017,11,29
2017-11-22,1,1,2017,11,27
2017-11-23,1,1,2017,11,25
2017-11-24,1,1,2017,11,22
2017-11-25,1,1,2017,11,29
2017-11-26,1,1,2017,11,24
2017-11-27,1,1,2017,11,10
2017-11-28,1,1,2017,11,14
2017-11-29,1,1,2017,11,28
2017-11-30,1,1,2017,11,15
2017-12-01,1,1,2017,12,19
2017-12-02,1,1,2017,12,16
2017-12-03,1,1,2017,12,31
2017-12-04,1,1,2017,12,7
2017-12-05,1,1,2017,12,20
2017-12-06,1,1,2017,12,17
2017-12-07,1,1,2017,12,18
2017-12-08,1,1,2017,12,17
2017-12-09,1,1,2017,12,27
2017-12-10,1,1,2017,12,20
2017-12-11,1,1,2017,12,20
2017-12-12,1,1,2017,12,13
2017-12-13,1,1,2017,12,17
2017-12-14,1,1,2017,12,14
2017-12-15,1,1,2017,12,16
2017-12-16,1,1,2017,12,15
2017-12-17,1,1,2017,12,22
2017-12-18,1,1,2017,12,19
2017-12-19,1,1,2017,12,7
2017-12-20,1,1,2017,12,16
2017-12-21,1,1,2017,12,12
2017-12-22,1,1,2017,12,6
2017-12-23,1,1,2017,12,18
2017-12-24,1,1,2017,12,19
2017-12-25,1,1,2017,12,13
2017-12-26,1,1,2017,12,16
2017-12-27,1,1,2017,12,14
2017-12-28,1,1,2017,12,19
2017-12-29,1,1,2017,12,15
2017-12-30,1,1,2017,12,27
2017-12-31,1,1,2017,12,23
